"","X","tracer","proj_num_vox","proj_vox_oob","proj_vox_vent","inj_num_vox","inj_vox_oob","inj_vox_vent"
"1","result.1",100141273,349927,1668,411,2241,0,0
"2","result.2",141602484,653308,5076,288,2001,0,0
"3","result.3",180916954,1160049,13505,4183,5134,29,0
"4","result.4",126908007,369552,3385,924,3243,17,0
"5","result.5",112882565,412142,5771,1243,1697,0,0
"6","result.6",126907302,632027,6292,2728,5633,88,0
"7","result.7",117298988,723646,4128,1804,3541,0,0
"8","result.8",100149109,208537,2239,228,855,0,0
"9","result.9",100141599,448756,4886,2657,1212,0,0
"10","result.10",100141219,149232,1779,1503,1955,0,0
"11","result.11",112373830,325511,8748,3584,836,2,0
"12","result.12",139426984,371841,3506,1338,1256,0,0
"13","result.13",112596790,754973,7542,1111,3708,2,0
"14","result.14",100140756,371039,9072,1246,1502,27,0
"15","result.15",100141563,301962,1638,302,1680,2,0
"16","result.16",100141780,782667,13882,862,1693,0,0
"17","result.17",126909424,587615,10329,945,2800,11,0
"18","result.18",127084296,885434,18057,1561,3084,0,0
"19","result.19",180720175,1054996,9167,2770,8779,143,0
"20","result.20",272697944,289672,1645,738,3745,0,0
"21","result.21",100141454,421052,2318,271,1024,0,0
"22","result.22",112670853,502068,32340,861,2853,0,0
"23","result.23",112952510,995505,6526,575,2639,3,0
"24","result.24",141603190,920461,7885,1009,1639,0,0
"25","result.25",157710335,618210,14237,1958,1210,0,0
"26","result.26",180709942,796646,12535,965,6869,0,0
"27","result.27",180719293,921906,12160,1253,8802,7,0
"28","result.28",112162251,278011,1972,998,1672,0,0
"29","result.29",112373124,154433,2070,567,506,0,0
"30","result.30",100141473,250228,1771,1447,1779,0,0
"31","result.31",100142655,614163,7712,1373,1701,3,0
"32","result.32",112951804,949588,33626,3825,3690,0,0
"33","result.33",127866392,592548,18960,1806,1741,0,0
"34","result.34",112791318,518084,4589,1647,3767,0,0
"35","result.35",112935169,503930,3954,1405,2046,10,0
"36","result.36",114292355,495510,2871,1108,3342,17,0
"37","result.37",100149969,267562,3131,739,2090,0,0
"38","result.38",112936582,407332,6636,1182,1719,1,0
"39","result.39",114290938,400877,3385,1348,3369,7,0
"40","result.40",157654817,413500,12577,1507,1436,14,0
"41","result.41",180717881,643116,8981,2067,8541,49,0
"42","result.42",112229814,371029,7036,519,1869,0,0
"43","result.43",148964212,50408,10689,232,768,0,0
"44","result.44",180718587,719060,4719,1376,8668,11,0
"45","result.45",100141495,317918,3587,1612,1303,0,0
"46","result.46",126852363,634447,10528,2887,3833,2,0
"47","result.47",112514915,840460,6012,1923,3049,0,0
"48","result.48",113036264,639583,48731,4555,4958,0,0
"49","result.49",174360333,275013,12547,1829,2236,0,0
"50","result.50",180404418,30138,7217,344,156,0,0
"51","result.51",174361746,665235,10009,1025,4809,0,0
"52","result.52",180074890,1020305,4877,962,3915,0,0
"53","result.53",180436360,1522326,15875,3226,10269,0,0
"54","result.54",180917660,1206299,13846,2178,11349,9,0
"55","result.55",139519496,193959,3170,849,1379,0,0
"56","result.56",158314278,551486,14928,2779,2904,0,0
"57","result.57",116903230,145722,3159,864,1250,0,0
"58","result.58",120491896,221131,9025,967,978,0,0
"59","result.59",146858006,420901,12909,3160,1088,0,0
"60","result.60",115958825,521430,5989,3162,1957,0,0
"61","result.61",180073473,77113,1343,423,876,0,0
"62","result.62",112881858,300984,4541,1331,1342,0,0
"63","result.63",120437703,512607,15947,2630,1147,0,0
"64","result.64",100148503,387519,5627,2484,949,0,0
"65","result.65",126861679,649519,13976,4291,1628,1,0
"66","result.66",114250546,382949,9102,4309,1286,0,0
"67","result.67",116903968,309848,2740,2818,1582,0,0
"68","result.68",146858755,280410,27283,3395,704,0,0
"69","result.69",307295727,336844,3034,2368,4623,0,0
"70","result.70",100147853,103430,6637,1740,775,1,0
"71","result.71",113887162,410004,17982,3801,3566,1,0
"72","result.72",113887868,208315,7913,2884,2932,231,0
"73","result.73",126862385,191150,4410,1699,1967,65,0
"74","result.74",127138787,336055,13696,4230,1943,68,0
"75","result.75",174361040,114359,22450,1971,1351,126,0
"76","result.76",180296424,591541,12079,4999,7006,5,0
"77","result.77",272782668,154364,20877,2755,2269,3,0
"78","result.78",277616630,98471,10972,777,749,0,0
"79","result.79",277712166,72642,7966,918,601,0,0
"80","result.80",277713580,91706,21237,1424,627,6,0
"81","result.81",277714322,90639,5736,787,644,0,0
"82","result.82",304564721,54557,1480,433,897,0,0
"83","result.83",304565427,169340,5750,1897,2073,0,0
"84","result.84",304585910,81390,33110,2571,1074,0,0
"85","result.85",304586645,139109,4084,1365,2031,0,0
"86","result.86",304762965,23804,728,311,2117,0,0
"87","result.87",307137980,345850,8091,3547,4270,0,0
"88","result.88",307296433,262321,4485,2849,6853,26,0
"89","result.89",307297141,300188,7824,4240,5673,1,0
"90","result.90",307320960,249322,4550,1855,4435,4,0
"91","result.91",307321674,344300,5505,3591,6799,2,0
"92","result.92",307557934,209036,1597,1678,4678,4,0
"93","result.93",307558646,384628,7452,4558,8964,0,0
"94","result.94",307593747,278166,9571,3288,4473,1,0
"95","result.95",307743253,351423,6508,3905,4946,1,0
"96","result.96",309003780,202652,3332,1979,2836,0,0
"97","result.97",309004492,420595,4458,3618,9138,0,0
"98","result.98",309113907,345807,3505,2873,6740,0,0
"99","result.99",309372716,393759,6143,3988,7696,1,0
"100","result.100",272916202,67173,23409,1779,436,0,0
"101","result.101",146077302,253245,6369,2682,633,0,0
"102","result.102",100141796,651495,10913,4872,1710,0,0
"103","result.103",127089669,634381,25231,5463,3613,154,0
"104","result.104",157062358,219747,10644,1672,825,0,0
"105","result.105",112458114,482368,2126,1115,1185,0,0
"106","result.106",146593590,690812,12452,3748,1740,0,0
"107","result.107",112514202,624936,7250,1662,2173,0,0
"108","result.108",139520203,280586,2519,1649,1337,0,0
"109","result.109",157711748,444243,7326,717,1402,0,0
"110","result.110",157556400,544119,17280,2547,1448,0,0
"111","result.111",112306316,996634,5108,1274,2918,0,0
"112","result.112",170721670,677736,7579,702,2149,13,0
"113","result.113",180673746,351880,5128,657,1332,0,0
"114","result.114",180709230,810246,19933,2091,7213,257,0
"115","result.115",126860974,587992,5817,1339,2742,9,0
"116","result.116",112423392,531067,2208,1815,1230,0,0
"117","result.117",158435116,239379,2901,1076,1180,0,0
"118","result.118",272737914,333816,26041,1142,2550,0,0
"119","result.119",112229103,211156,1784,2258,399,0,0
"120","result.120",112424813,109330,3188,550,374,0,0
"121","result.121",272916915,188167,19364,1519,1099,0,0
"122","result.122",100140949,383695,6373,1477,1805,6,0
"123","result.123",100148142,376107,4643,1511,1179,0,0
"124","result.124",112595376,249817,5685,1631,1027,0,0
"125","result.125",180403712,115292,1493,88,582,0,0
"126","result.126",180435652,1721249,16378,6916,9085,6,0
"127","result.127",100141222,63520,2081,158,2895,0,0
"128","result.128",272918345,34851,7038,1726,810,0,0
"129","result.129",120812686,128514,4984,108,3194,0,0
"130","result.130",113443572,283946,13632,428,1533,0,0
"131","result.131",121509711,385693,4651,227,2278,0,0
"132","result.132",114755099,425073,7335,143,2555,31,0
"133","result.133",133286030,450728,13417,542,2504,0,0
"134","result.134",141601779,16247,3161,569,433,0,0
"135","result.135",112597496,285753,8068,344,1220,0,0
"136","result.136",112307046,366411,10443,190,1410,0,0
"137","result.137",122641078,438897,13298,798,3179,185,0
"138","result.138",127907465,399320,10658,183,2730,2,0
"139","result.139",131068390,324121,7204,234,2505,45,0
"140","result.140",146857301,432385,20398,1498,2177,0,0
"141","result.141",146984209,400773,9272,254,2049,0,0
"142","result.142",157654069,274540,8650,267,942,0,0
"143","result.143",114249084,190915,3791,664,2160,262,0
"144","result.144",125802444,293546,6325,1972,3978,0,0
"145","result.145",129573239,460834,9340,2663,4065,101,8
"146","result.146",277480964,59571,1625,297,526,0,0
"147","result.147",126653015,299290,4532,504,2127,113,0
"148","result.148",120436274,90872,2924,95,988,0,0
"149","result.149",120494729,36283,9399,1397,191,0,0
"150","result.150",122641784,142724,2404,753,809,0,0
"151","result.151",112308468,166725,8612,1499,1282,0,22
"152","result.152",112745073,134079,1182,1144,614,0,0
"153","result.153",113935285,176662,2016,2008,3168,0,0
"154","result.154",114429338,170542,1733,2078,2029,0,0
"155","result.155",127649005,205362,9517,3660,5638,0,0
"156","result.156",180523704,37576,1620,93,292,0,0
"157","result.157",272404772,191318,53359,2559,2013,0,0
"158","result.158",100141214,151551,6590,2544,1568,0,0
"159","result.159",100148143,107225,1142,281,1294,0,0
"160","result.160",112167395,67428,2619,112,443,0,0
"161","result.161",112672268,143961,7359,370,1007,0,0
"162","result.162",112745787,131582,9037,762,844,0,0
"163","result.163",113166056,174287,3930,514,1469,0,0
"164","result.164",114008220,100344,4946,307,920,0,0
"165","result.165",114430043,212765,1628,974,1196,0,0
"166","result.166",272970039,66081,28941,1779,142,0,0
"167","result.167",113226232,484556,10529,3918,5069,324,0
"168","result.168",114472145,992314,21832,3415,3206,0,0
"169","result.169",126116848,635146,11306,3329,3002,21,0
"170","result.170",127397469,710906,17603,1617,2909,15,0
"171","result.171",142654100,1162726,23577,4834,1698,0,0
"172","result.172",142656218,694790,4623,3553,1503,0,0
"173","result.173",146553971,822425,27551,2198,2180,0,0
"174","result.174",180297139,748178,8661,2690,2047,0,0
"175","result.175",272414403,936232,18545,4822,3120,62,0
"176","result.176",558580065,457107,6790,3229,2038,186,0
"177","result.177",100148554,4145,987,33,322,30,0
"178","result.178",112672974,382321,78529,1423,4469,126,0
"179","result.179",127139568,556580,14951,4647,5342,395,0
"180","result.180",120280939,43652,2574,883,724,89,0
"181","result.181",127711098,23006,3169,952,515,3,0
"182","result.182",146984915,106381,8033,1708,2514,28,0
"183","result.183",558581415,37517,3734,480,279,0,0
"184","result.184",100142354,149432,5225,2905,870,0,0
"185","result.185",126115436,18954,7743,99,559,5,0
"186","result.186",100148443,22067,1061,103,482,0,0
"187","result.187",127222723,411724,20426,2948,4776,0,0
"188","result.188",152994878,314191,8330,1702,1290,0,0
"189","result.189",157063781,358675,32108,2086,1206,0,0
"190","result.190",158321996,132037,5286,401,1784,0,0
"191","result.191",113144533,889391,2578,3816,3035,0,0
"192","result.192",277710753,452543,10312,1729,2829,1,0
"193","result.193",113935990,683507,9734,1960,6831,0,0
"194","result.194",115958115,630243,9550,1591,5237,64,0
"195","result.195",125832322,390161,8992,2770,2940,0,0
"196","result.196",146012934,314847,15250,1014,3871,0,0
"197","result.197",273028004,62958,23203,629,1062,0,0
"198","result.198",100142580,44031,132,350,1133,0,0
"199","result.199",112307754,53818,1979,123,1635,0,0
"200","result.200",112458831,61716,15711,378,1170,0,0
"201","result.201",113505468,193262,5176,100,1975,0,0
"202","result.202",114399934,175835,2475,67,3063,0,0
"203","result.203",124059700,73490,5317,1041,2505,0,230
"204","result.204",127711803,126440,15273,378,778,0,0
"205","result.205",127762867,103603,8465,1194,1906,0,48
"206","result.206",146553266,78935,8392,1115,1326,0,91
"207","result.207",148198052,118140,29711,438,1359,0,0
"208","result.208",158916311,100394,13321,534,2159,0,0
"209","result.209",175072215,30860,2028,50,1268,0,0
"210","result.210",127255254,60383,5236,359,823,0,1
"211","result.211",175373569,172294,21214,534,3637,0,0
"212","result.212",125436508,155712,3283,43,3485,0,0
"213","result.213",157659671,264184,10280,332,4115,0,0
"214","result.214",272917631,48426,2437,160,776,0,0
"215","result.215",100141435,105950,749,501,3517,0,34
"216","result.216",120436988,30427,4952,158,215,0,0
"217","result.217",112459547,139134,4510,1455,1623,0,47
"218","result.218",127761449,627666,10866,1091,8745,0,0
"219","result.219",125361005,280703,6008,547,5834,202,0
"220","result.220",146985623,119049,10929,463,4019,58,0
"221","result.221",157550122,170219,5002,433,1302,0,0
"222","result.222",175072921,692260,15342,1138,8068,0,0
"223","result.223",180981417,553964,5855,796,6444,0,0
"224","result.224",158373958,188638,3040,887,1841,0,0
"225","result.225",138058320,366127,5040,251,3250,0,0
"226","result.226",147632458,273875,3759,216,2775,0,0
"227","result.227",100141597,655293,6682,6073,3665,0,0
"228","result.228",158257355,1161947,27344,7814,12649,122,0
"229","result.229",125830911,299392,2785,1195,2999,0,0
"230","result.230",117312486,239425,3846,419,2722,0,0
"231","result.231",146747721,91935,9749,406,2224,0,0
"232","result.232",147049515,183057,21985,429,2287,0,0
"233","result.233",113884251,308089,4604,176,2412,0,0
"234","result.234",174736554,473073,6409,115,2759,0,0
"235","result.235",180707817,31628,2623,80,698,0,0
"236","result.236",100141223,118144,2043,61,1794,0,0
"237","result.237",158375425,112565,12476,207,1450,0,0
"238","result.238",180628971,37378,3262,332,306,0,0
"239","result.239",127396051,367150,2488,169,2812,0,0
"240","result.240",180520257,68376,3907,1006,500,0,0
"241","result.241",100141598,66332,726,603,674,0,0
"242","result.242",272873704,135055,7249,1083,1434,0,0
"243","result.243",100147785,275068,2633,161,2247,0,0
"244","result.244",146658879,566662,13816,1328,3359,0,0
"245","result.245",174781014,263287,11792,289,1884,0,0
"246","result.246",180708524,40729,6167,1122,206,0,0
"247","result.247",266585624,150882,14977,908,1185,0,0
"248","result.248",100142569,269825,7415,535,1644,0,0
"249","result.249",114427219,123518,2770,1747,1680,0,3
"250","result.250",146046430,118069,4390,952,1190,0,0
"251","result.251",146658170,289669,9145,2071,2218,0,0
"252","result.252",158840459,422490,26474,3556,4041,0,0
"253","result.253",113784293,143192,15006,1146,1110,0,0
"254","result.254",272967913,27828,1914,2,477,0,0
"255","result.255",272969333,87092,8255,304,393,0,0
"256","result.256",114291646,322397,5373,1903,3053,0,0
"257","result.257",156931568,118483,548,202,1277,0,0
"258","result.258",267494468,33098,2599,239,1357,0,0
"259","result.259",272875132,198113,18477,904,1925,0,0
"260","result.260",272875838,260782,8906,779,2422,0,4
"261","result.261",272970747,118499,2709,75,825,0,0
"262","result.262",120875111,292284,2248,1312,1576,0,0
"263","result.263",272874417,213826,7322,1078,1073,0,0
"264","result.264",123662982,320744,2987,3677,3083,0,0
"265","result.265",180568155,12643,3033,69,309,0,0
"266","result.266",174957972,1308166,22074,6434,12865,0,0
"267","result.267",175019536,810746,10077,1443,9418,0,0
"268","result.268",175374982,798909,20955,2628,2012,0,0
"269","result.269",147135107,77182,1464,57,386,0,0
"270","result.270",147787606,310703,5522,489,1372,0,0
"271","result.271",158841171,481779,21953,163,3617,0,0
"272","result.272",273025166,22505,938,17,882,0,0
"273","result.273",266693274,55532,2835,216,1162,0,0
"274","result.274",272968624,62593,6683,86,1466,0,0
"275","result.275",117316260,223240,4526,640,3230,0,0
"276","result.276",127468854,157727,12027,442,2298,0,0
"277","result.277",138059031,58328,6652,98,1352,2,0
"278","result.278",113554719,298042,2810,629,4345,0,0
"279","result.279",119846838,223396,3763,1152,4649,0,0
"280","result.280",120280191,283058,8971,1179,5692,0,0
"281","result.281",158315810,163916,676,217,3752,0,0
"282","result.282",158738180,604561,6909,2288,6924,0,0
"283","result.283",175263771,317252,12165,1222,2890,0,0
"284","result.284",126116142,329147,6515,936,6006,0,0
"285","result.285",127649713,213601,1909,491,6388,0,0
"286","result.286",146660293,319378,3704,1238,4365,0,0
"287","result.287",180674463,637661,6426,2297,11856,0,0
"288","result.288",181057754,856929,5026,2205,13243,26,0
"289","result.289",126710740,792387,5093,2325,15067,197,0
"290","result.290",148197327,59710,20171,1390,1385,7,0
"291","result.291",158314987,1155301,15354,6366,9533,39,0
"292","result.292",273055501,25146,4444,131,1981,0,0
"293","result.293",114045733,40407,468,56,2218,0,0
"294","result.294",114472860,109478,1679,165,2279,0,0
"295","result.295",157549402,82601,3654,24,1717,0,0
"296","result.296",175106769,614942,12077,1565,5905,57,0
"297","result.297",277615922,201350,33555,516,2906,0,0
"298","result.298",100141434,232366,1191,61,4273,0,0
"299","result.299",146659588,372424,19289,1540,5767,83,0
"300","result.300",159649643,373848,3297,1135,5892,0,0
"301","result.301",113313632,359951,2891,585,5616,0,0
"302","result.302",113369603,192798,3521,573,3500,0,0
"303","result.303",117302771,267451,1018,138,3110,0,0
"304","result.304",127470271,392689,6526,923,7234,0,0
"305","result.305",158258062,985548,58521,9557,12410,90,0
"306","result.306",113553300,382515,1752,1327,3937,0,0
"307","result.307",113783321,38721,2617,301,1180,0,0
"308","result.308",146986331,33096,1542,297,279,0,0
"309","result.309",112228391,283497,2936,940,4792,288,0
"310","result.310",113095845,485023,1429,75,3768,0,0
"311","result.311",126190743,575172,1448,264,6362,0,0
"312","result.312",112827164,52624,5287,170,768,6,0
"313","result.313",114754390,221557,3578,396,4683,235,0
"314","result.314",100141596,333462,5947,792,2679,1,0
"315","result.315",113368085,194223,10973,260,3447,0,0
"316","result.316",116905391,256075,4032,999,3290,3,0
"317","result.317",147162027,86150,14617,365,549,0,0
"318","result.318",127091083,349322,4864,490,4020,0,0
"319","result.319",100141993,301769,9423,862,2225,0,0
"320","result.320",158914182,522345,5370,1191,6649,0,0
"321","result.321",175263063,161366,10889,358,1983,0,0
"322","result.322",120572378,658228,3995,1136,9364,0,0
"323","result.323",127796728,101467,16264,373,3066,0,0
"324","result.324",113399428,304415,2856,306,2652,0,0
"325","result.325",113400134,724862,4231,242,10636,0,0
"326","result.326",114474520,456026,4051,872,3388,0,0
"327","result.327",120760759,211063,657,20,3299,0,0
"328","result.328",127557915,232616,5781,207,3343,0,0
"329","result.329",127865687,474787,15804,448,5814,0,0
"330","result.330",139311530,537929,11983,209,9245,1,0
"331","result.331",156978574,349068,3243,121,2461,0,0
"332","result.332",273065264,86901,2783,29,6484,0,0
"333","result.333",126523066,383077,3245,149,6326,0,0
"334","result.334",126646502,261702,2891,163,2760,0,0
"335","result.335",128001349,273184,5736,468,2823,18,0
"336","result.336",175158132,375573,16577,1458,3059,0,0
"337","result.337",113096571,463805,2766,582,4548,0,0
"338","result.338",114155923,392493,2033,801,7921,0,0
"339","result.339",120571672,216344,1948,574,2293,0,0
"340","result.340",120761491,386271,5250,2024,3141,0,0
"341","result.341",126352037,17896,1114,45,1105,0,0
"342","result.342",128002057,88032,18700,310,2110,0,0
"343","result.343",147635309,494594,8780,1035,5313,0,0
"344","result.344",158376179,222893,14452,924,2639,0,0
"345","result.345",272829745,332948,1141,310,12191,0,0
"346","result.346",125363160,80804,5058,112,1843,0,0
"347","result.347",127083591,135374,8110,235,1727,0,0
"348","result.348",156979283,282459,4083,1143,2262,0,0
"349","result.349",113442864,73244,4305,107,904,0,0
"350","result.350",126522350,371129,9550,527,5201,0,0
"351","result.351",120811946,410024,4071,604,3630,0,0
"352","result.352",175158844,153295,471,1091,2388,0,0
"353","result.353",121509005,147927,1367,214,2881,11,0
"354","result.354",114755811,319613,5280,1100,2502,0,0
"355","result.355",156979988,442131,14131,943,4433,0,0
"356","result.356",127085717,61876,6657,459,1378,0,11
"357","result.357",127469566,471148,11891,790,3538,0,0
"358","result.358",268415561,191353,2718,284,6864,0,0
"359","result.359",277618762,417696,13681,1082,6799,2,0
"360","result.360",142655513,266577,1877,902,2293,0,0
"361","result.361",158434409,204308,3455,869,2194,0,0
"362","result.362",158435826,651793,12133,2674,7128,0,2
"363","result.363",147706228,453189,14521,731,8751,0,0
"364","result.364",272826010,178407,1864,354,3086,0,0
"365","result.365",121145045,353038,4502,717,4039,0,0
"366","result.366",147135812,643943,10423,2006,4726,0,0
"367","result.367",156929391,658744,10530,3331,4786,0,0
"368","result.368",127223428,254929,6193,332,6092,0,0
"369","result.369",156930126,451031,9022,602,9978,0,0
"370","result.370",272700063,130343,10981,212,4404,0,0
"371","result.371",272825299,125316,32880,878,1092,0,0
"372","result.372",114400640,41281,5532,86,108,30,0
"373","result.373",159648854,281577,25411,2325,1129,103,0
"374","result.374",114402050,114311,9467,1952,1211,84,0
"375","result.375",146856593,61123,3182,98,276,0,0
"376","result.376",147215105,177825,4481,191,2128,167,0
"377","result.377",126352744,146524,4937,359,2674,73,0
"378","result.378",272738620,261542,5473,138,1764,0,0
"379","result.379",147214398,178072,2667,205,4543,0,0
"380","result.380",125437921,243380,11082,524,2216,0,0
"381","result.381",126843905,74690,2568,65,1809,0,0
"382","result.382",147159899,421481,18346,1003,6801,0,0
"383","result.383",122640358,106745,3572,10,918,200,0
"384","result.384",126188607,232107,16845,673,4512,0,0
"385","result.385",126709328,319323,6803,513,6331,0,0
"386","result.386",126710034,483006,17448,1318,4842,0,0
"387","result.387",127041126,279821,7096,289,7393,0,0
"388","result.388",127353220,100531,3016,63,1934,0,0
"389","result.389",147790181,50498,13275,246,932,29,0
"390","result.390",127041832,339727,9594,461,3837,0,0
"391","result.391",159024474,799255,23108,1469,11152,0,0
"392","result.392",112826458,356986,3594,281,3096,0,0
"393","result.393",126189322,355239,4477,313,4359,0,0
"394","result.394",147354951,309361,14497,1050,4897,0,0
"395","result.395",127042540,421877,9247,731,4892,47,0
"396","result.396",127349111,73105,14990,222,1353,0,0
"397","result.397",159021559,784165,12566,1232,10702,181,0
"398","result.398",175142304,878248,19615,1988,10513,153,0
"399","result.399",181058463,898922,14598,2219,8407,201,0
"400","result.400",273068974,37679,5167,752,2118,45,0
"401","result.401",121146455,285152,5543,1562,2830,0,0
"402","result.402",277618054,41108,4724,270,1019,0,0
"403","result.403",126351299,35855,1577,52,431,0,0
"404","result.404",128056535,150601,20285,1048,1998,0,13
"405","result.405",129567943,180753,1931,612,2854,0,0
"406","result.406",146794439,400844,19402,1768,1679,0,0
"407","result.407",127350480,132858,9173,948,3821,157,6
"408","result.408",127908173,303891,1447,1549,3590,0,51
"409","result.409",119848249,30167,2149,398,1998,0,0
"410","result.410",127398177,14063,1764,145,935,0,0
"411","result.411",146012184,17509,8119,206,150,0,12
"412","result.412",147134401,44003,12945,873,1362,0,18
"413","result.413",112424102,30024,5305,45,701,0,0
"414","result.414",114473794,23195,2101,130,1331,0,0
"415","result.415",125831616,19968,2215,43,1611,63,0
"416","result.416",120874405,98118,3134,484,850,0,7
"417","result.417",112460257,10318,2319,50,222,0,0
"418","result.418",113936696,45701,7390,922,2530,0,0
"419","result.419",112827872,37883,10353,197,3257,0,0
"420","result.420",142654808,19521,1828,144,3958,14,0
"421","result.421",125801739,26910,7221,575,1960,410,0
"422","result.422",119847544,57240,2876,227,716,1,0
"423","result.423",120438416,27614,1619,367,1434,0,0
"424","result.424",158738894,20947,3836,389,227,0,0
"425","result.425",127650431,206854,4539,1307,2342,0,10
"426","result.426",120493315,72483,574,32,764,0,0
"427","result.427",268389532,290755,33545,2029,1882,0,104
"428","result.1",584903636,569268,11669,131,3088,0,0
"429","result.2",585025284,462944,6011,318,1719,0,0
"430","result.3",585026021,346463,10367,2416,2617,234,0
"431","result.4",585051446,382702,18624,2096,2320,100,0
"432","result.5",626107114,191161,7763,2029,2840,54,0
"433","result.6",638314843,99263,12837,1114,6283,6,0
"434","result.7",640081415,690265,21273,3725,1997,0,0
"435","result.8",640282128,172630,6032,99,4390,0,0
"436","result.9",640285199,122487,22008,1077,398,0,0
"437","result.10",642967852,781086,8069,3722,1611,0,0
